<?xml version="1.0" encoding="UTF-8"?>
<!DOCTYPE mapper
	PUBLIC "-//mybatis.org//DTD Mapper 3.0//EN"
	"http://mybatis.org/dtd/mybatis-3-mapper.dtd">

<mapper namespace="BoardMapper">
	
	<select id="getTel" parameterType="java.lang.String"
	resultType="java.lang.String">
	SELECT tel
	FROM mbr
	WHERE id = #{id}
	</select>
	
	<update id="viewCnt" parameterType="java.lang.String">
	UPDATE board
	SET view_cnt = view_cnt + 1
	WHERE bno = #{bno}
	</update>
	
	<select id="exdetail" parameterType="java.lang.String" resultType="co.kr.yangpa.board.BoardDTO">
	SELECT board.bno, mbr.id as writer, type.tname as type, board.title,
		board.contents, board.price, board.state, 
		date_format(write_date, '%Y/%c/%d') as write_date,
				board.view_cnt , addrmiddle.addrname, addrlarge.addrname as addrname2
				,excercise.buy_type,
			IF(excercise.buy_type = 0 , limit_date, limit_cnt) as useday
            ,addrdetail , addrgps
		FROM board
		INNER JOIN excercise
		ON board.bno = excercise.bno
		LEFT OUTER JOIN mbr
        on board.writer = mbr.mno
        LEFT OUTER JOIN type
        on board.type = type.tcode
        LEFT OUTER JOIN addrmiddle
        ON board.addrcode = addrmiddle.addrcode
        LEFT OUTER JOIN addrlarge
        ON left(board.addrcode,2) = addrlarge.addrcode
		WHERE board.bno = #{bno} 
	</select>
	
	<select id="trdetail" parameterType="java.lang.String" resultType="co.kr.yangpa.board.BoardDTO">
	SELECT board.bno, mbr.id as writer, type.tname as type, board.title,
		board.contents, board.price, board.state, 
		date_format(write_date, '%Y/%c/%d') as write_date,
				board.view_cnt , addrmiddle.addrname, addrlarge.addrname as addrname2
          , checkin_date as useday  ,addrdetail , addrgps
		FROM board
		INNER JOIN travel
		ON board.bno = travel.bno
		LEFT OUTER JOIN mbr
        on board.writer = mbr.mno
        LEFT OUTER JOIN type
        on board.type = type.tcode
        LEFT OUTER JOIN addrmiddle
        ON board.addrcode = addrmiddle.addrcode
        LEFT OUTER JOIN addrlarge
        ON left(board.addrcode,2) = addrlarge.addrcode
		WHERE board.bno = #{bno} 
	</select>
	
	<select id="tidetail" parameterType="java.lang.String" resultType="co.kr.yangpa.board.BoardDTO">
	SELECT board.bno, mbr.id as writer, type.tname as type, board.title,
		board.contents, board.price, board.state, 
		date_format(write_date, '%Y/%c/%d') as write_date,
				board.view_cnt , addrmiddle.addrname, addrlarge.addrname as addrname2
          , ticket_date as useday  ,addrdetail , addrgps
		FROM board
		INNER JOIN ticket
		ON board.bno = ticket.bno
		LEFT OUTER JOIN mbr
        on board.writer = mbr.mno
        LEFT OUTER JOIN type
        on board.type = type.tcode
        LEFT OUTER JOIN addrmiddle
        ON board.addrcode = addrmiddle.addrcode
        LEFT OUTER JOIN addrlarge
        ON left(board.addrcode,2) = addrlarge.addrcode
		WHERE board.bno = #{bno} 
	</select>
	<select id="etcdetail" parameterType="java.lang.String" resultType="co.kr.yangpa.board.BoardDTO">
	SELECT board.bno, mbr.id as writer, type.tname as type, board.title,
		board.contents, board.price, board.state, 
		date_format(write_date, '%Y/%c/%d') as write_date,
				board.view_cnt , addrmiddle.addrname, addrlarge.addrname as addrname2
				 ,addrdetail , addrgps
		FROM board
		INNER JOIN etc
		ON board.bno = etc.bno
		LEFT OUTER JOIN mbr
        on board.writer = mbr.mno
        LEFT OUTER JOIN type
        on board.type = type.tcode
        LEFT OUTER JOIN addrmiddle
        ON board.addrcode = addrmiddle.addrcode
        LEFT OUTER JOIN addrlarge
        ON left(board.addrcode,2) = addrlarge.addrcode
		WHERE board.bno = #{bno} 
	</select>


	<select id="searchAll" parameterType="co.kr.yangpa.board.SearchDTO"
		resultType="co.kr.yangpa.board.BoardDTO">
		SELECT board.bno, board.writer, type.tname as type, board.title, board.price, board.state, 
		date_format(write_date, '%Y/%c/%d') as write_date,
				board.view_cnt , addrmiddle.addrname, addrlarge.addrname as addrname2,
		<choose>
			<when test='typeno.equals("1")'>
			buy_type, 
			IF(excercise.buy_type = 0 , limit_date, limit_cnt) as useday
			</when>
			<when test='typeno.equals("2")'>checkin_date as useday</when>
			<when test='typeno.equals("3")'>ticket_date as useday</when>
			<when test='typeno.equals("4")'>limit_date as useday</when>
			<otherwise>"내용참조" as useday</otherwise>
		</choose> 				
		FROM board
    	<choose>
			<when test='typeno.equals("1")'>
	        	INNER JOIN excercise
				ON board.bno = excercise.bno
			</when>
			<when test='typeno.equals("2")'>
		        INNER JOIN travel
       			ON board.bno = travel.bno
			</when>
			<when test='typeno.equals("3")'>
	      	    INNER JOIN ticket
       			ON board.bno = ticket.bno
			</when>
			<when test='typeno.equals("4")'>
	      	    INNER JOIN etc
       			ON board.bno = etc.bno
			</when>
		</choose>
        LEFT OUTER JOIN type
        on board.type = type.tcode
        LEFT OUTER JOIN addrmiddle
        ON board.addrcode = addrmiddle.addrcode
        LEFT OUTER JOIN addrlarge
        ON left(board.addrcode,2) = addrlarge.addrcode
        ORDER BY bno DESC
        LIMIT #{reqNum} , 15  
         
	</select>
	
	<select id="searchEvery">
		select  board.bno , board.writer, type.tname as type, board.title,
		board.contents, board.price, board.state, buy_type, 
		IF(excercise.buy_type = 0 , limit_date, limit_cnt) as useday
		from board
		inner join excercise
		on board.bno = excercise.bno
        LEFT OUTER JOIN type
        ON board.type = type.tcode 
                LEFT OUTER JOIN addrmiddle
        ON board.addrcode = addrmiddle.addrcode ;
	</select>
	
	<select id="getOption" parameterType="java.lang.String" resultType="co.kr.yangpa.board.BoardDTO">
         SELECT tcode as option_code, tname as option_name 
         FROM type
         WHERE tcode LIKE CONCAT( #{typeno} ,'%')
	</select>
	
	<!-- 글등록 시작 -->
	<insert id="boardInsert" parameterType="co.kr.yangpa.board.BoardDTO">
		insert into board(writer, type ,title, contents, price , addrcode , 
				addrdetail , addrgps)
		values(#{writer} , #{type} , #{title} , #{contents} , #{price} , #{addrcode}
		      , #{addrdetail} , #{addrgps})		
	</insert>
	
	<insert id="exInsert" parameterType="co.kr.yangpa.board.BoardDTO">
		insert into excercise(bno, tcode, buy_type 
		<choose>
			<when test='buy_type.equals("0")'>
			, limit_date)
			</when>
			<when test='buy_type.equals("1")'>
			, limit_cnt)
			</when>
			<otherwise>,"insert 오류")</otherwise>
		</choose> 
		values(
		<choose>
			<when test="changeAf != null">
				#{bno}
			</when>
			<otherwise>
				LAST_INSERT_ID() 
			</otherwise>
		</choose>
		 , #{type} , #{buy_type} ,#{useday})		
	</insert>
	
	<insert id="trInsert" parameterType="co.kr.yangpa.board.BoardDTO">
		insert into travel(bno, tcode, checkin_date) 
		values(
		<choose>
			<when test="changeAf != null">
				#{bno}
			</when>
			<otherwise>
				LAST_INSERT_ID() 
			</otherwise>
		</choose>
		, #{type} ,#{useday})		
	</insert>
	
	<insert id="tiInsert" parameterType="co.kr.yangpa.board.BoardDTO">
		insert into ticket(bno, tcode, ticket_date) 
		values(
		<choose>
			<when test="changeAf != null">
				#{bno}
			</when>
			<otherwise>
				LAST_INSERT_ID() 
			</otherwise>
		</choose>
		 , #{type} ,#{useday})		
	</insert>
	
	<insert id="etcInsert" parameterType="co.kr.yangpa.board.BoardDTO">
		insert into etc(bno, type) 
		values(
		<choose>
			<when test="changeAf != null">
				#{bno}
			</when>
			<otherwise>
				LAST_INSERT_ID() 
			</otherwise>
		</choose>
		 , #{type})		
	</insert>
	<!-- 글등록 끝 -->
	
	
	<!-- 댓글불러오기 -->
	<select id="cmtList" parameterType="java.lang.String"
		resultType="co.kr.yangpa.board.BoardDTO">
	    SELECT mbr.mno as state , id as writer, bno , cnts as contents , write_date
	    FROM cmt
	    INNER JOIN mbr
	    ON cmt.mno = mbr.mno
	    WHERE bno = #{bno}
	    ORDER BY write_date
	</select>
	
	<!-- 댓글달기 -->
	<insert id="cmtInsert" parameterType="co.kr.yangpa.board.BoardDTO">
		insert into cmt(mno , bno , cnts)
		values(#{writer} , #{bno} , #{contents})
	</insert>
	
	<!-- 수정폼에 가져올 데이터 -->
	<select id="uform" parameterType="java.lang.String" resultType="co.kr.yangpa.board.BoardDTO">
		SELECT bno, writer , type, price , addrcode , addrdetail , addrgps ,  title , contents
		FROM board
		WHERE bno = #{bno}
	</select>
	
	<!--  업데이트 부분 시작  -->
	<update id="boardUpdate" parameterType="co.kr.yangpa.board.BoardDTO">
		UPDATE board
		SET type = #{type} , title = #{title} , contents = #{contents} , price = #{price}
			, addrcode = #{addrcode} , addrdetail = #{addrdetail} , addrgps = #{addrgps}
		WHERE bno = #{bno}	
	</update>
	
	<update id="exUpdate" parameterType="co.kr.yangpa.board.BoardDTO">
		update excercise
		set tcode = #{type} , buy_type = #{buy_type}
		<choose>
			<when test='buy_type.equals("0")'>
			, limit_date = #{useday}
			</when>
			<when test='buy_type.equals("1")'>
			, limit_cnt = #{useday}
			</when>
			<otherwise>,"Update 오류"</otherwise>
		</choose>
		where bno = #{bno}
	</update>
		
	<update id="trUpdate" parameterType="co.kr.yangpa.board.BoardDTO">
		UPDATE travel
		SET tcode = #{type} , checkin_date = #{useday}
		WHERE bno = #{bno}
	</update>
	
	<update id="tiUpdate" parameterType="co.kr.yangpa.board.BoardDTO">
		UPDATE ticket
		SET tcode = #{type} , ticket_date = #{useday}
		WHERE bno = #{bno}
	</update>
	
	<update id="etcUpdate" parameterType="co.kr.yangpa.board.BoardDTO">
		UPDATE etc
		SET tcode = #{type} 
		WHERE bno = #{bno}
	</update>
	
	<delete id="deleteUpdate" parameterType="co.kr.yangpa.board.BoardDTO">
	DELETE
	FROM
	<choose>
		<when test='changeBf.equals("1")'> excercise</when>
		<when test='changeBf.equals("2")'> travel</when>
		<when test='changeBf.equals("3")'> ticket</when>
		<when test='changeBf.equals("4")'> etc</when>
	</choose>
	WHERE bno = #{bno}
	</delete>
	<!--  업데이트 부분 끝  -->
	
	
	<!-- 글삭제 -->
	<delete id="delete" parameterType="java.lang.String">
	DELETE 
	FROM board
	WHERE bno = #{bno}
	</delete>
	
	<!-- 판매글 판매완료등록 -->
	<update id="sellComplete" parameterType="java.lang.String">
	UPDATE board
	set state = 1
	WHERE bno = #{bno}	
	</update>
</mapper>









