<?xml version="1.0" encoding="UTF-8"?>
<!DOCTYPE mapper
	PUBLIC "-//mybatis.org//DTD Mapper 3.0//EN"
	"http://mybatis.org/dtd/mybatis-3-mapper.dtd">

<mapper namespace="FilterMapper">
	<select id="selectLarge" resultType="co.kr.yangpa.filter.AddrDTO">
		select addrcode , addrname
		from addrLarge
	</select>
	
	<select id="selectMiddle" parameterType="java.lang.String"
	resultType="co.kr.yangpa.filter.AddrDTO">
		SELECT addrcode, addrname 
		FROM addrMiddle 
		WHERE addrcode LIKE CONCAT(#{lcode},'%')
	</select>
	
	<select id="filterList" parameterType="co.kr.yangpa.filter.FilterDTO"
	resultType="co.kr.yangpa.board.BoardDTO">
		SELECT board.bno, board.writer, type.tname as type, board.title,
		board.contents, board.price, board.state, substr(board.type,1,1) as in_tel,
		date_format(write_date, '%Y/%c/%d') as write_date,
				board.view_cnt , addrmiddle.addrname ,addrlarge.addrname as addrname2,
		<choose>
			<when test='bun.equals("1")'>
				buy_type,
				<if test='kind.equals("0")'>limit_date as useday</if>
				<if test='kind.equals("1")'>limit_cnt as useday</if>
			</when>
			<when test='bun.equals("2")'>checkin_date as useday</when>
			<when test='bun.equals("3")'>ticket_date as useday</when>
			<when test='bun.equals("4")'>limit_date as useday</when>
			<otherwise>"내용참조" as useday</otherwise>
		</choose> 		
		FROM board
		<choose>
			<when test='bun.equals("1")'>
	        	INNER JOIN excercise
		 		<if test='kind.equals("0")'>on board.bno = excercise.bno and limit_date >= 0 </if>
				<if test='kind.equals("1")'>on board.bno = excercise.bno and limit_cnt</if>
			</when>
			<when test='bun.equals("2")'>
		        INNER JOIN travel
       			ON board.bno = travel.bno
			</when>
			<when test='bun.equals("3")'>
	      	    INNER JOIN ticket
       			ON board.bno = ticket.bno
			</when>
			<when test='bun.equals("4")'>
	      	    INNER JOIN etc
       			ON board.bno = etc.bno
			</when>
		</choose>
        LEFT OUTER JOIN type
        ON board.type = type.tcode 
        LEFT OUTER JOIN addrmiddle
        ON board.addrcode = addrmiddle.addrcode 
        LEFT OUTER JOIN addrlarge
        ON left(board.addrcode,2) = addrlarge.addrcode
        <where>
        <if test="option != null">
        	AND type IN
        	<foreach item="item" index="index" collection="option"
        		open="(" separator="," close=")">
        	#{item}
        	</foreach>
        </if>
        <if test="largelist != null">
        	AND board.addrcode
        	<choose>
        		<when test="middlelist != null">
        			LIKE CONCAT(#{middlelist},'%') 
        		</when>
        		<otherwise>
        			LIKE CONCAT(#{largelist},'%') 
        		</otherwise>
        	</choose>
        </if>
		<choose>
			<when test="minprice !=null and maxprice != null">
				AND price between #{minprice} and #{maxprice}
			</when>
			<when test="minprice !=null">
				AND price >= #{minprice}
			</when>
			<when test="maxprice !=null">
				AND price <![CDATA[<]]>= #{maxprice}
			</when>
		</choose>
		<if test="useday != null">
			<if test='bun.equals("2")'>
			 and checkin_date <![CDATA[<]]>= str_to_date(#{useday},'%Y-%m-%d')
			</if>
			<if test='bun.equals("3")'>
			 and ticket_date <![CDATA[<]]>= str_to_date(#{useday},'%Y-%m-%d')
			</if>
		</if>
        </where>
         ORDER BY bno DESC
         LIMIT 0 , 15 
        
	</select>
	
	
	
</mapper>









