<?xml version="1.0" encoding="UTF-8"?>
<!DOCTYPE mapper
	PUBLIC "-//mybatis.org//DTD Mapper 3.0//EN"
	"http://mybatis.org/dtd/mybatis-3-mapper.dtd">

<mapper namespace="MemberMapper">
	
	<insert id="join" parameterType="co.kr.yangpa.member.MbrDTO">
		insert into mbr (id, pwd, name, tel, email)
		values (#{id}, #{pwd},#{name}, #{tel},#{email})
	</insert>
	
	<select id = "login" parameterType="co.kr.yangpa.member.MbrDTO" resultType="int">
		select count(id), mno cnt from mbr where id = #{login_id} and pwd = #{login_pwd}
	</select>
	
	<select id = "getinfo" parameterType="co.kr.yangpa.member.MbrDTO"  resultType="co.kr.yangpa.member.MbrDTO">
		select mno , id , name , tel , email, mbr_role
		 from mbr where id = #{login_id} and pwd = #{login_pwd}
	</select>
	
	<update id="basket" parameterType="co.kr.yangpa.member.MbrDTO">
	 UPDATE mbr_util
	 SET basket = IF(basket = 1 , 0 , 1)
	 WHERE bno = #{name} AND mno = #{mno}
	</update>
	
	<insert id="basketFirst" parameterType="co.kr.yangpa.member.MbrDTO">
	INSERT into mbr_util(bno , mno , basket)
	VALUES(#{name} , #{mno} , 1)
	</insert>
	
	<select id="isBasket"  parameterType="co.kr.yangpa.member.MbrDTO" resultType="int">
	SELECT if(count(basket) = 0,0,basket)
	FROM mbr_util
	WHERE mno = #{mno} AND bno = #{name}
	</select>
	
</mapper>









