<?xml version="1.0" encoding="UTF-8"?>
<!DOCTYPE mapper
	PUBLIC "-//mybatis.org//DTD Mapper 3.0//EN"
	"http://mybatis.org/dtd/mybatis-3-mapper.dtd">

<mapper namespace="NoticeMapper">
	<select id="yangpaNotice" resultType="co.kr.yangpa.notice.NoticeDTO">
		SELECT bno, title, cnts, view_cnt, write_date
		FROM notice
		order by bno desc
	</select>
	
	<select id="noticeDetail"
			parameterType="java.lang.String"
			resultType="co.kr.yangpa.notice.NoticeDTO">
		select bno, title, cnts, view_cnt, write_date
		from notice
		where bno = #{bno}
	</select>

	<update id="updatecnt" parameterType="java.lang.String">
		update notice 
		set view_cnt = view_cnt+1
		where bno = #{bno}
	</update>
	
	<insert id="write" parameterType="co.kr.yangpa.board.BoardDTO">
		insert into notice(title , cnts)
		values(#{title} , #{contents})
	</insert>
	
	<delete id="delete" parameterType="co.kr.yangpa.board.BoardDTO">
		delete 
		from notice
		where bno = #{bno}
	</delete>

</mapper>











