<?xml version="1.0" encoding="UTF-8"?>
<!DOCTYPE mapper
	PUBLIC "-//mybatis.org//DTD Mapper 3.0//EN"
	"http://mybatis.org/dtd/mybatis-3-mapper.dtd">

<mapper namespace="PageMapper">

	<select id="totCnt"  parameterType="java.lang.String"
		resultType="int">
		SELECT count(bno) cnt 
		FROM board
        where type LIKE CONCAT(#{typeno} ,'%')
	</select>
	
	<update id = "update" parameterType="co.kr.yangpa.member.MbrDTO">
		update mbr
		set id = #{id}, pwd = #{pwd}, name = #{name}, tel = #{tel}, email = #{email}
		where mno = #{mno}
	</update>
	
	<select id = "basketCnt" parameterType = "java.lang.String" resultType = "int">
		select count(*) cnt
		from mbr_util
		where basket=1 and mno = #{mno}
	</select>
	
	<select id = "myListCnt" parameterType = "java.lang.String" resultType = "int">
		select count(*) cnt
		from board
		where writer = #{mno}		
	</select>
</mapper>









