<?xml version="1.0" encoding="UTF-8"?>
<beans xmlns="http://www.springframework.org/schema/beans"
	xmlns:xsi="http://www.w3.org/2001/XMLSchema-instance"
	xsi:schemaLocation="http://www.springframework.org/schema/beans https://www.springframework.org/schema/beans/spring-beans.xsd">
	
	<!-- Root Context: defines shared resources visible to all other web components -->

	<bean id="dataSourceSpied" class="org.apache.tomcat.jdbc.pool.DataSource">
		<property name="driverClassName"
		value="com.mysql.cj.jdbc.Driver" />
		<property name="url"
		value="jdbc:mysql://127.0.0.1:3306/yangpa?autoReconnect=true&amp;serverTimezone=UTC&amp;useUnicode=true&amp;characterEncoding=utf8" />
		<property name="username" value="root" />
		<property name="password" value="1111" />
		<property name="initialSize" value="10" />
		<property name="maxActive" value="100" />
		<property name="maxIdle" value="30" />
		<property name="minIdle" value="5" />
	</bean>

    <bean id="dataSource" class="net.sf.log4jdbc.Log4jdbcProxyDataSource">
        <constructor-arg ref="dataSourceSpied" />
        <property name="logFormatter">
            <bean class="net.sf.log4jdbc.tools.Log4JdbcCustomFormatter">
                <property name="loggingType" value="MULTI_LINE" />
                <property name="sqlPrefix" value="SQL         :  "/>
            </bean>
        </property>
    </bean>

	<bean id="sqlSessionFactory" class="org.mybatis.spring.SqlSessionFactoryBean">
		<property name="dataSource" ref="dataSource" />
		<property name="configLocation" value="classpath:/META-INF/mybatis-context.xml"/>
	</bean>

	<bean id="sqlSession" class="org.mybatis.spring.SqlSessionTemplate">
		<constructor-arg index="0" ref="sqlSessionFactory" />
	</bean>

	<bean id="transactionManager" class="org.springframework.jdbc.datasource.DataSourceTransactionManager">
		<property name="dataSource" ref="dataSource"/>
	</bean>

</beans>
